area	slug	title	url	dest
user-pdf	informatica-normativa-concorsi-pdf	PDF utente - Informatica normativa concorsi	G:\Il mio Drive\PROGETTO CAPITALE PERSONALE SITO\PROG_LIBRO_CAPITALE PERSONALE\MATERIE_PDF\Informatica_Normativa_Concorsi.pdf	wiki/raw/chapter-10-informatica/00-input/informatica-normativa-concorsi.pdf
normativa	cad-dlgs-82-2005-vigente	D.Lgs. 82/2005 CAD testo vigente	https://www.normattiva.it/uri-res/N2Ls?urn:nir:stato:decreto.legislativo:2005-03-07;82!vig=/	wiki/raw/chapter-10-informatica/01-normativa-pa-digitale/cad-dlgs-82-2005-vigente.html
normativa	cad-dlgs-179-2016	D.Lgs. 179/2016 modifiche CAD	https://www.normattiva.it/uri-res/N2Ls?urn:nir:stato:decreto.legislativo:2016-08-26;179!vig=/	wiki/raw/chapter-10-informatica/01-normativa-pa-digitale/cad-dlgs-179-2016.html
normativa	cad-dlgs-217-2017	D.Lgs. 217/2017 modifiche CAD	https://www.normattiva.it/uri-res/N2Ls?urn:nir:stato:decreto.legislativo:2017-12-13;217!vig=/	wiki/raw/chapter-10-informatica/01-normativa-pa-digitale/cad-dlgs-217-2017.html
normativa	nis2-dlgs-138-2024	D.Lgs. 138/2024 decreto NIS2	https://www.normattiva.it/uri-res/N2Ls?urn:nir:stato:decreto.legislativo:2024-09-04;138!vig=/	wiki/raw/chapter-10-informatica/01-normativa-pa-digitale/nis2-dlgs-138-2024.html
normativa	dpr-68-2005-pec	DPR 68/2005 PEC	https://www.normattiva.it/uri-res/N2Ls?urn:nir:stato:decreto.del.presidente.della.repubblica:2005-02-11;68!vig=/	wiki/raw/chapter-10-informatica/01-normativa-pa-digitale/dpr-68-2005-pec.html
normativa	dlgs-36-2006-open-data	D.Lgs. 36/2006 riutilizzo informazione settore pubblico	https://www.normattiva.it/uri-res/N2Ls?urn:nir:stato:decreto.legislativo:2006-01-24;36!vig=/	wiki/raw/chapter-10-informatica/01-normativa-pa-digitale/dlgs-36-2006-open-data.html
normativa	legge-4-2004-stanca	Legge 4/2004 accessibilita	https://www.normattiva.it/uri-res/N2Ls?urn:nir:stato:legge:2004-01-09;4!vig=/	wiki/raw/chapter-10-informatica/01-normativa-pa-digitale/legge-4-2004-stanca.html
normativa	dlgs-106-2018-accessibilita	D.Lgs. 106/2018 accessibilita siti e app PA	https://www.normattiva.it/uri-res/N2Ls?urn:nir:stato:decreto.legislativo:2018-08-10;106!vig=/	wiki/raw/chapter-10-informatica/01-normativa-pa-digitale/dlgs-106-2018-accessibilita.html
normativa	legge-81-2017-lavoro-agile	Legge 81/2017 lavoro agile	https://www.normattiva.it/uri-res/N2Ls?urn:nir:stato:legge:2017-05-22;81!vig=/	wiki/raw/chapter-10-informatica/01-normativa-pa-digitale/legge-81-2017-lavoro-agile.html
normativa	dlgs-105-2022-conciliazione	D.Lgs. 105/2022 conciliazione vita-lavoro	https://www.normattiva.it/uri-res/N2Ls?urn:nir:stato:decreto.legislativo:2022-06-30;105!vig=/	wiki/raw/chapter-10-informatica/01-normativa-pa-digitale/dlgs-105-2022-conciliazione.html
normativa	dlgs-165-2001-pubblico-impiego	D.Lgs. 165/2001 pubblico impiego art 37	https://www.normattiva.it/uri-res/N2Ls?urn:nir:stato:decreto.legislativo:2001-03-30;165!vig=/	wiki/raw/chapter-10-informatica/01-normativa-pa-digitale/dlgs-165-2001-pubblico-impiego.html
eu	eidas-reg-910-2014	Regolamento UE 910/2014 eIDAS	https://eur-lex.europa.eu/legal-content/IT/TXT/HTML/?uri=CELEX:32014R0910	wiki/raw/chapter-10-informatica/01-normativa-pa-digitale/eidas-reg-910-2014.html
eu	eidas2-reg-2024-1183	Regolamento UE 2024/1183 eIDAS 2	https://eur-lex.europa.eu/legal-content/IT/TXT/HTML/?uri=CELEX:32024R1183	wiki/raw/chapter-10-informatica/01-normativa-pa-digitale/eidas2-reg-2024-1183.html
eu	nis2-dir-2022-2555	Direttiva UE 2022/2555 NIS2	https://eur-lex.europa.eu/legal-content/IT/TXT/HTML/?uri=CELEX:32022L2555	wiki/raw/chapter-10-informatica/01-normativa-pa-digitale/nis2-dir-2022-2555.html
eu	open-data-reg-2023-138	Regolamento UE 2023/138 high value datasets	https://eur-lex.europa.eu/legal-content/IT/TXT/HTML/?uri=CELEX:32023R0138	wiki/raw/chapter-10-informatica/01-normativa-pa-digitale/open-data-reg-2023-138.html
agid	agid-linee-guida-page	AgID pagina linee guida	https://www.agid.gov.it/it/linee-guida	wiki/raw/chapter-10-informatica/02-agid-linee-guida/agid-linee-guida-page.html
agid	accessibilita-pa	AgID linee guida accessibilita PA	https://www.agid.gov.it/sites/agid/files/2024-06/Linee%20Guida%20sull%27accessibilit%C3%A0%20degli%20strumenti%20informatici%20-%20PA.pdf	wiki/raw/chapter-10-informatica/02-agid-linee-guida/accessibilita-pa.pdf
agid	accessibilita-pa-allegato-1	AgID accessibilita allegato 1 dichiarazione	https://www.agid.gov.it/sites/agid/files/2025-04/Allegato%201%20-%20Modello_di_dichiarazione_accessibilit%C3%A0.pdf	wiki/raw/chapter-10-informatica/02-agid-linee-guida/accessibilita-pa-allegato-1.pdf
agid	accessibilita-pa-allegato-2	AgID accessibilita allegato 2 autovalutazione	https://www.agid.gov.it/sites/agid/files/2025-04/Allegato%202%20Modello_di_autovalutazione.pdf	wiki/raw/chapter-10-informatica/02-agid-linee-guida/accessibilita-pa-allegato-2.pdf
agid	accessibilita-pa-allegato-3	AgID accessibilita allegato 3 prodotti assistivi	https://www.agid.gov.it/sites/agid/files/2025-04/Allegato%203%20Prodotti_assistivi_comunicazione_classe_22.pdf	wiki/raw/chapter-10-informatica/02-agid-linee-guida/accessibilita-pa-allegato-3.pdf
agid	accessibilita-servizi-eaa	AgID linee guida accessibilita servizi EAA	https://www.agid.gov.it/sites/agid/files/2026-03/Linee_Guida_accessibilit%C3%A0_dei_servizi_%28EAA%29.pdf	wiki/raw/chapter-10-informatica/02-agid-linee-guida/accessibilita-servizi-eaa.pdf
agid	open-data-linee-guida	AgID linee guida open data	https://www.agid.gov.it/sites/agid/files/2024-05/lg-open-data_v.1.0_1.pdf	wiki/raw/chapter-10-informatica/02-agid-linee-guida/open-data-linee-guida.pdf
agid	dati-territoriali-linee-guida	AgID linee guida dati territoriali	https://www.agid.gov.it/sites/agid/files/2024-05/lgrndt_v201.pdf	wiki/raw/chapter-10-informatica/02-agid-linee-guida/dati-territoriali-linee-guida.pdf
agid	high-value-datasets-guida	AgID guida dati di elevato valore	https://www.agid.gov.it/sites/agid/files/2024-12/Guida_operativa_sulle_serie_di_dati_di_elevato_valore.pdf	wiki/raw/chapter-10-informatica/02-agid-linee-guida/high-value-datasets-guida.pdf
agid	design-pa-linee-guida	AgID linee guida design PA	https://www.agid.gov.it/sites/agid/files/2024-07/Linee_Guida_design_per_siti_internet_e_servizi_digitali_della_PA.pdf	wiki/raw/chapter-10-informatica/02-agid-linee-guida/design-pa-linee-guida.pdf
agid	documento-informatico-linee-guida	AgID documento informatico linee guida	https://www.agid.gov.it/sites/agid/files/2024-06/Linee_guida_sul_documento_informatico.pdf	wiki/raw/chapter-10-informatica/02-agid-linee-guida/documento-informatico-linee-guida.pdf
agid	documento-informatico-allegato-1	AgID documento informatico allegato 1 glossario	https://www.agid.gov.it/sites/agid/files/2024-06/allegato_1_glossario_dei_termini_e_degli_acronimi.pdf	wiki/raw/chapter-10-informatica/02-agid-linee-guida/documento-informatico-allegato-1-glossario.pdf
agid	documento-informatico-allegato-2	AgID documento informatico allegato 2 formati	https://www.agid.gov.it/sites/agid/files/2024-06/allegato_2_formati_di_file_e_riversamento.pdf	wiki/raw/chapter-10-informatica/02-agid-linee-guida/documento-informatico-allegato-2-formati.pdf
agid	documento-informatico-allegato-3	AgID documento informatico allegato 3 certificazione processo	https://www.agid.gov.it/sites/agid/files/2024-06/allegato_3_certificazione_di_processo.pdf	wiki/raw/chapter-10-informatica/02-agid-linee-guida/documento-informatico-allegato-3-certificazione.pdf
agid	documento-informatico-allegato-4	AgID documento informatico allegato 4 standard	https://www.agid.gov.it/sites/agid/files/2024-06/allegato_4_standard_e_specifiche_tecniche.pdf	wiki/raw/chapter-10-informatica/02-agid-linee-guida/documento-informatico-allegato-4-standard.pdf
agid	documento-informatico-allegato-5	AgID documento informatico allegato 5 metadati	https://www.agid.gov.it/sites/agid/files/2024-06/allegato_5_metadati.pdf	wiki/raw/chapter-10-informatica/02-agid-linee-guida/documento-informatico-allegato-5-metadati.pdf
agid	documento-informatico-allegato-6	AgID documento informatico allegato 6 AOO	https://www.agid.gov.it/sites/agid/files/2024-06/allegato_6_comunicazione_tra_aoo_di_documenti_amministrativi_protocollati.pdf	wiki/raw/chapter-10-informatica/02-agid-linee-guida/documento-informatico-allegato-6-aoo.pdf
agid	documento-informatico-vademecum	AgID documento informatico vademecum	https://www.agid.gov.it/sites/agid/files/2024-06/vademecum_per_limplementazione_delle_linee_guida_sulla_formazione_gestione_e_conservazione_dei_documenti_informatici.pdf	wiki/raw/chapter-10-informatica/02-agid-linee-guida/documento-informatico-vademecum.pdf
agid	contrassegno-elettronico-cad	AgID contrassegno elettronico art 23-ter CAD	https://www.agid.gov.it/sites/agid/files/2024-06/Linee_guida_contrassegno_elettronico_art_23_ter_cad.pdf	wiki/raw/chapter-10-informatica/02-agid-linee-guida/contrassegno-elettronico-cad.pdf
agid	inad-linee-guida	AgID linee guida INAD	https://www.agid.gov.it/sites/agid/files/2024-06/Linee_guida_inad.pdf	wiki/raw/chapter-10-informatica/02-agid-linee-guida/inad-linee-guida.pdf
agid	ipa-linee-guida	AgID linee guida IPA	https://www.agid.gov.it/sites/agid/files/2024-07/Linee_Guida_IPA.pdf	wiki/raw/chapter-10-informatica/02-agid-linee-guida/ipa-linee-guida.pdf
agid	interoperabilita-tecnica-pa	AgID interoperabilita tecnica PA	https://www.agid.gov.it/sites/agid/files/2024-05/linee_guida_interoperabilit_tecnica_pa.pdf	wiki/raw/chapter-10-informatica/02-agid-linee-guida/interoperabilita-tecnica-pa.pdf
agid	interoperabilita-all1-pattern-interazione	AgID interoperabilita allegato 1 pattern interazione	https://www.agid.gov.it/sites/agid/files/2024-07/Linee_guida_interoperabilit%C3%A0PA_All1_Pattern_interazione.pdf	wiki/raw/chapter-10-informatica/02-agid-linee-guida/interoperabilita-all1-pattern-interazione.pdf
agid	interoperabilita-all2-pattern-sicurezza	AgID interoperabilita allegato 2 pattern sicurezza	https://www.agid.gov.it/sites/agid/files/2024-07/Linee_guida_interoperabilit%C3%A0PA_All2_Pattern_sicurezza.pdf	wiki/raw/chapter-10-informatica/02-agid-linee-guida/interoperabilita-all2-pattern-sicurezza.pdf
agid	interoperabilita-all3-profili	AgID interoperabilita allegato 3 profili	https://www.agid.gov.it/sites/agid/files/2024-07/Linee_guida_interoperabilit%C3%A0PA_All3_Profili_di_interoperabilit%C3%A0.pdf	wiki/raw/chapter-10-informatica/02-agid-linee-guida/interoperabilita-all3-profili.pdf
agid	interoperabilita-all4-raccomandazioni	AgID interoperabilita allegato 4 raccomandazioni	https://www.agid.gov.it/sites/agid/files/2024-07/Linee_guida_interoperabilit%C3%A0PA_All4_Raccomandazioni-di_implementazione.pdf	wiki/raw/chapter-10-informatica/02-agid-linee-guida/interoperabilita-all4-raccomandazioni.pdf
agid	api-security-linee-guida	AgID sicurezza interoperabilita API	https://www.agid.gov.it/sites/agid/files/2024-06/Linee_guida_tecnologie_e_standard_sicurezza_interoperabilit%C3%A0_api_sistemi_informatici.pdf	wiki/raw/chapter-10-informatica/02-agid-linee-guida/api-security-linee-guida.pdf
agid	api-security-all1-xml-signature	AgID API security allegato 1 XML signature	https://www.agid.gov.it/sites/agid/files/2024-07/Allegato%201%20-%20Raccomandazioni%20in%20merito%20agli%20algoritmi%20per%20XML%20Canonicalization%2C%20Digest%20and%20signature%20SOAP%20e%20REST.pdf	wiki/raw/chapter-10-informatica/02-agid-linee-guida/api-security-all1-xml-signature.pdf
agid	api-security-all2-tls	AgID API security allegato 2 TLS	https://www.agid.gov.it/sites/agid/files/2024-07/Allegato%202%20-%20Raccomandazioni%20in%20merito%20allo%20standard%20Transport%20Layer%20Security%20%28TLS%29.pdf	wiki/raw/chapter-10-informatica/02-agid-linee-guida/api-security-all2-tls.pdf
agid	pdnd-linee-guida	AgID PDND infrastruttura interoperabilita	https://www.agid.gov.it/sites/agid/files/2025-06/Linee_guida_Infrastruttura_Interoperabilit%C3%A0_PDND_v2_maggio_2025.pdf	wiki/raw/chapter-10-informatica/02-agid-linee-guida/pdnd-linee-guida.pdf
agid	pdnd-allegato-1	AgID PDND allegato 1 adesione	https://www.agid.gov.it/sites/agid/files/2025-06/Linee_guida_PDND_v2_allegato_1.pdf	wiki/raw/chapter-10-informatica/02-agid-linee-guida/pdnd-allegato-1.pdf
agid	pdnd-allegato-2	AgID PDND allegato 2 API	https://www.agid.gov.it/sites/agid/files/2025-06/Linee_guida_PDND_v2_allegato_2.pdf	wiki/raw/chapter-10-informatica/02-agid-linee-guida/pdnd-allegato-2.pdf
agid	pdnd-allegato-3	AgID PDND allegato 3 voucher	https://www.agid.gov.it/sites/agid/files/2025-06/Linee_guida_PDND_v2_allegato_3.pdf	wiki/raw/chapter-10-informatica/02-agid-linee-guida/pdnd-allegato-3.pdf
agid	pdnd-allegato-4	AgID PDND allegato 4 segnali	https://www.agid.gov.it/sites/agid/files/2025-06/Linee_guida_PDND_v2_allegato_4.pdf	wiki/raw/chapter-10-informatica/02-agid-linee-guida/pdnd-allegato-4.pdf
agid	pdnd-allegato-5	AgID PDND allegato 5 callback	https://www.agid.gov.it/sites/agid/files/2025-06/Linee_guida_PDND_v2_allegato_5.pdf	wiki/raw/chapter-10-informatica/02-agid-linee-guida/pdnd-allegato-5.pdf
agid	pdnd-allegato-6	AgID PDND allegato 6 modelli collaborazione	https://www.agid.gov.it/sites/agid/files/2025-06/Linee_guida_PDND_v2_allegato_6.pdf	wiki/raw/chapter-10-informatica/02-agid-linee-guida/pdnd-allegato-6.pdf
agid	pdnd-allegato-7	AgID PDND allegato 7 popolamento	https://www.agid.gov.it/sites/agid/files/2025-06/Linee_guida_PDND_v2_allegato_7.pdf	wiki/raw/chapter-10-informatica/02-agid-linee-guida/pdnd-allegato-7.pdf
agid	punto-accesso-telematico	AgID punto accesso telematico PA	https://www.agid.gov.it/sites/agid/files/2024-05/lg_punto_accesso_telematico_servizi_pa_3112021.pdf	wiki/raw/chapter-10-informatica/02-agid-linee-guida/punto-accesso-telematico.pdf
agid	riuso-software-pa	AgID acquisizione e riuso software PA	https://www.agid.gov.it/sites/agid/files/2024-05/lg-acquisizione-e-riuso-software-per-pa-docs_pubblicata.pdf	wiki/raw/chapter-10-informatica/02-agid-linee-guida/riuso-software-pa.pdf
agid	firma-elettronica-qualificata	AgID firma elettronica qualificata	https://www.agid.gov.it/sites/agid/files/2024-06/Linee_guida_firma_elettronica_qualificata.pdf	wiki/raw/chapter-10-informatica/02-agid-linee-guida/firma-elettronica-qualificata.pdf
agid	sottoscrizione-elettronica-art20-cad	AgID sottoscrizione elettronica art 20 CAD	https://www.agid.gov.it/sites/agid/files/2024-06/linee_guida_per_la_sottoscrizione_elettronica_di_documenti_ai_sensi_dellart.20_del_cad.pdf	wiki/raw/chapter-10-informatica/02-agid-linee-guida/sottoscrizione-elettronica-art20-cad.pdf
agid	sicurezza-sviluppo-applicazioni	AgID sicurezza sviluppo applicazioni	https://www.agid.gov.it/sites/agid/files/2024-07/Linee-guida_di_sicurezza_sviluppo-applicazioni.pdf	wiki/raw/chapter-10-informatica/02-agid-linee-guida/sicurezza-sviluppo-applicazioni.pdf
agid	sviluppo-software-sicuro-ciclo	AgID ciclo sviluppo software sicuro	https://www.agid.gov.it/sites/agid/files/2024-06/Linee_guida_per_ladozione_di_un_ciclo_di_sviluppo_di_software_sicuro.pdf	wiki/raw/chapter-10-informatica/02-agid-linee-guida/sviluppo-software-sicuro-ciclo.pdf
agid	sviluppo-sicuro-codice	AgID sviluppo sicuro codice	https://www.agid.gov.it/sites/agid/files/2024-06/Linee_guida_per_lo_sviluppo_sicuro_di_codice.pdf	wiki/raw/chapter-10-informatica/02-agid-linee-guida/sviluppo-sicuro-codice.pdf
agid	configurazione-software-base	AgID configurazione sicurezza software base	https://www.agid.gov.it/sites/agid/files/2024-06/Linee_guida_per_la_configurazione_per_adeguare_la_sicurezza_del_software_di_base.pdf	wiki/raw/chapter-10-informatica/02-agid-linee-guida/configurazione-software-base.pdf
agid	threat-modeling	AgID modellazione minacce	https://www.agid.gov.it/sites/agid/files/2024-06/Linee_guida_per_la_modellazione_delle_minacce-e-individuazione-azioni-di-mitigazione.pdf	wiki/raw/chapter-10-informatica/02-agid-linee-guida/threat-modeling.pdf
agid	spid-regole-tecniche	SPID regole tecniche Docs Italia	https://docs.italia.it/projects/spid-regole-tecniche/downloads/pdf/stabile/	wiki/raw/chapter-10-informatica/02-agid-linee-guida/spid-regole-tecniche.pdf
agid	spid-minori	AgID SPID minori	https://www.agid.gov.it/sites/agid/files/2024-06/linee_guida_operative_fruizione_spid_minori_0.pdf	wiki/raw/chapter-10-informatica/02-agid-linee-guida/spid-minori.pdf
agid	spid-rao-pubblico	AgID RAO pubblico	https://www.agid.gov.it/sites/agid/files/2024-06/Linee_guida_rao_pubblico.pdf	wiki/raw/chapter-10-informatica/02-agid-linee-guida/spid-rao-pubblico.pdf
agid	spid-openid-connect	AgID OpenID Connect in SPID	https://www.agid.gov.it/sites/agid/files/2024-06/linee_guida_openid_connect_in_spid.pdf	wiki/raw/chapter-10-informatica/02-agid-linee-guida/spid-openid-connect.pdf
agid	spid-identita-uso-professionale	AgID identita digitale uso professionale	https://www.agid.gov.it/sites/agid/files/2024-06/Linee_guida_identita_digitale_per_uso_professionale.pdf	wiki/raw/chapter-10-informatica/02-agid-linee-guida/spid-identita-uso-professionale.pdf
agid	spid-attribute-authorities	AgID attribute authorities	https://www.agid.gov.it/sites/agid/files/2024-06/Linee%20guida_attribute_authorities.pdf	wiki/raw/chapter-10-informatica/02-agid-linee-guida/spid-attribute-authorities.pdf
agid	spid-attribute-authorities-allegato	AgID attribute authority allegato tecnico	https://www.agid.gov.it/sites/agid/files/2024-07/allegato_1_-_attribute_authority-allegato_tecnico_oas3.pdf	wiki/raw/chapter-10-informatica/02-agid-linee-guida/spid-attribute-authorities-allegato.pdf
pa-service	cie-manuale-entra-con-cie	CIE manuale Entra con CIE	https://www.cartaidentita.interno.gov.it/downloads/2023/06/Manuale-Entra-con-CIE.pdf	wiki/raw/chapter-10-informatica/03-servizi-digitali-pa/cie-manuale-entra-con-cie.pdf
pa-service	cns-agid-page	AgID Carta Nazionale Servizi pagina	https://www.agid.gov.it/it/piattaforme/carta-nazionale-servizi	wiki/raw/chapter-10-informatica/03-servizi-digitali-pa/cns-agid-page.html
pa-service	fatturapa-specifiche	Specifiche tecniche formato FatturaPA	https://www.fatturapa.gov.it/export/documenti/Specifiche_tecniche_del_formato_FatturaPA_V1.3.1.pdf	wiki/raw/chapter-10-informatica/03-servizi-digitali-pa/fatturapa-specifiche.pdf
pa-service	fatturapa-portale	Portale FatturaPA documentazione	https://www.fatturapa.gov.it/it/norme-e-regole/documentazione-fattura-elettronica/	wiki/raw/chapter-10-informatica/03-servizi-digitali-pa/fatturapa-portale.html
pa-service	pagopa-documentazione	Portale pagoPA documentazione PA	https://www.pagopa.gov.it/it/pubbliche-amministrazioni/documentazione/	wiki/raw/chapter-10-informatica/03-servizi-digitali-pa/pagopa-documentazione.html
pa-service	anpr-portale	ANPR portale ufficiale	https://www.anagrafenazionale.interno.it/	wiki/raw/chapter-10-informatica/03-servizi-digitali-pa/anpr-portale.html
pa-service	inad-portale	INAD domicilio digitale portale	https://domiciliodigitale.gov.it/	wiki/raw/chapter-10-informatica/03-servizi-digitali-pa/inad-portale.html
pa-service	app-io-portale	App IO portale	https://io.italia.it/	wiki/raw/chapter-10-informatica/03-servizi-digitali-pa/app-io-portale.html
pa-service	padigitale2026	PA Digitale 2026 portale	https://padigitale2026.gov.it/	wiki/raw/chapter-10-informatica/03-servizi-digitali-pa/padigitale2026.html
pa-service	piano-triennale-ict	Piano Triennale ICT 2024-2026 aggiornamento 2025	https://www.agid.gov.it/sites/agid/files/2025-01/Piano_Triennale_per_l_informatica_nella_PA_2024-2026_Aggiornamento_2025.pdf	wiki/raw/chapter-10-informatica/03-servizi-digitali-pa/piano-triennale-ict-2024-2026-aggiornamento-2025.pdf
pa-service	piano-triennale-ict-dpcm	DPCM 12 gennaio 2024 approvazione Piano Triennale ICT	https://pianotriennale-ict.italia.it/assets/pdf/2024-2026/DPCM_12_gennaio_2024.pdf	wiki/raw/chapter-10-informatica/03-servizi-digitali-pa/piano-triennale-ict-dpcm-12-gennaio-2024.pdf
pa-service	strategia-cloud-italia	Strategia Cloud Italia PDF	https://docs.italia.it/media/pdf/strategia-cloud-italia-docs/stabile/strategia-cloud-italia-docs.pdf	wiki/raw/chapter-10-informatica/03-servizi-digitali-pa/strategia-cloud-italia.pdf
pa-service	cloud-determina-acn-306	Determina ACN 306 cloud classificazione	https://assets.innovazione.gov.it/1642693979-det_306_cloud_modclass_20220118.pdf	wiki/raw/chapter-10-informatica/03-servizi-digitali-pa/cloud-determina-acn-306.pdf
pa-service	cloud-determina-acn-306-allegato	Allegato determina ACN 306 classificazione	https://assets.innovazione.gov.it/1642694063-det_306_all1_20220118_modello.pdf	wiki/raw/chapter-10-informatica/03-servizi-digitali-pa/cloud-determina-acn-306-allegato.pdf
pa-service	cloud-determina-acn-307	Determina ACN 307 requisiti cloud	https://assets.innovazione.gov.it/1642694131-det_307_cloud_ulteriorilerqc_20220118.pdf	wiki/raw/chapter-10-informatica/03-servizi-digitali-pa/cloud-determina-acn-307.pdf
pa-service	cloud-determina-acn-307-allegato	Allegato determina ACN 307 requisiti cloud	https://assets.innovazione.gov.it/1642754054-all1det307acn.pdf	wiki/raw/chapter-10-informatica/03-servizi-digitali-pa/cloud-determina-acn-307-allegato.pdf
competenze	icdl-computer-online-essentials	ICDL Computer and Online Essentials syllabus	https://icdl.org/wp-content/uploads/ICDL-Computer-Online-Essentials-Syllabus-1.0-1.pdf	wiki/raw/chapter-10-informatica/04-competenze-informatiche-base/icdl-computer-online-essentials.pdf
competenze	icdl-application-essentials	ICDL Application Essentials syllabus	https://icdl.org/wp-content/uploads/2024/01/ICDL-Application-Essentials-Syllabus-1.0.pdf	wiki/raw/chapter-10-informatica/04-competenze-informatiche-base/icdl-application-essentials.pdf
competenze	icdl-documents	ICDL Documents syllabus	https://icdl.org/wp-content/uploads/ICDL-Documents-Syllabus-6.0-1.pdf	wiki/raw/chapter-10-informatica/04-competenze-informatiche-base/icdl-documents.pdf
competenze	icdl-spreadsheets	ICDL Spreadsheets syllabus	https://icdl.org/wp-content/uploads/ICDL-Spreadsheets-Syllabus-6.0-1.pdf	wiki/raw/chapter-10-informatica/04-competenze-informatiche-base/icdl-spreadsheets.pdf
competenze	icdl-presentation	ICDL Presentation syllabus	https://icdl.org/wp-content/uploads/ICDL-Presentation-Syllabus-6.0.pdf	wiki/raw/chapter-10-informatica/04-competenze-informatiche-base/icdl-presentation.pdf
competenze	icdl-databases	ICDL Databases syllabus	https://icdl.org/wp-content/uploads/2024/01/ICDL-Databases-Syllabus-6.0.pdf	wiki/raw/chapter-10-informatica/04-competenze-informatiche-base/icdl-databases.pdf
office	libreoffice-writer-guide	LibreOffice Writer Guide 24.2	https://books.libreoffice.org/en/WG24/WG24.html	wiki/raw/chapter-10-informatica/04-competenze-informatiche-base/libreoffice-writer-guide.html
office	libreoffice-calc-guide	LibreOffice Calc Guide 24.2	https://books.libreoffice.org/en/CG24/CG24.html	wiki/raw/chapter-10-informatica/04-competenze-informatiche-base/libreoffice-calc-guide.html
office	libreoffice-impress-guide	LibreOffice Impress Guide 24.2	https://books.libreoffice.org/en/IG242/IG242.html	wiki/raw/chapter-10-informatica/04-competenze-informatiche-base/libreoffice-impress-guide.html
office	libreoffice-base-guide	LibreOffice Base Guide 7.3	https://books.libreoffice.org/en/BG73/BG73.html	wiki/raw/chapter-10-informatica/04-competenze-informatiche-base/libreoffice-base-guide.html
os	ubuntu-desktop-guide	Ubuntu Desktop Guide files and folders	https://help.ubuntu.com/stable/ubuntu-help/files.html.en	wiki/raw/chapter-10-informatica/04-competenze-informatiche-base/ubuntu-desktop-files.html
os	microsoft-windows-file-explorer	Microsoft Windows File Explorer support	https://support.microsoft.com/en-us/windows/find-and-open-file-explorer-ef370130-1cca-9dc5-e0df-2f7416fe1cb1	wiki/raw/chapter-10-informatica/04-competenze-informatiche-base/microsoft-windows-file-explorer.html
protocols	rfc-3986-uri	RFC 3986 URI	https://www.rfc-editor.org/rfc/rfc3986.txt	wiki/raw/chapter-10-informatica/05-reti-web-protocolli/rfc-3986-uri.txt
protocols	rfc-9110-http	RFC 9110 HTTP Semantics	https://www.rfc-editor.org/rfc/rfc9110.txt	wiki/raw/chapter-10-informatica/05-reti-web-protocolli/rfc-9110-http.txt
protocols	rfc-9293-tcp	RFC 9293 TCP	https://www.rfc-editor.org/rfc/rfc9293.txt	wiki/raw/chapter-10-informatica/05-reti-web-protocolli/rfc-9293-tcp.txt
protocols	rfc-791-ipv4	RFC 791 IPv4	https://www.rfc-editor.org/rfc/rfc791.txt	wiki/raw/chapter-10-informatica/05-reti-web-protocolli/rfc-791-ipv4.txt
protocols	rfc-8200-ipv6	RFC 8200 IPv6	https://www.rfc-editor.org/rfc/rfc8200.txt	wiki/raw/chapter-10-informatica/05-reti-web-protocolli/rfc-8200-ipv6.txt
protocols	rfc-1034-dns	RFC 1034 DNS concepts	https://www.rfc-editor.org/rfc/rfc1034.txt	wiki/raw/chapter-10-informatica/05-reti-web-protocolli/rfc-1034-dns.txt
protocols	rfc-1035-dns	RFC 1035 DNS implementation	https://www.rfc-editor.org/rfc/rfc1035.txt	wiki/raw/chapter-10-informatica/05-reti-web-protocolli/rfc-1035-dns.txt
protocols	rfc-5321-smtp	RFC 5321 SMTP	https://www.rfc-editor.org/rfc/rfc5321.txt	wiki/raw/chapter-10-informatica/05-reti-web-protocolli/rfc-5321-smtp.txt
programmazione	mdn-html	MDN HTML reference	https://developer.mozilla.org/en-US/docs/Web/HTML	wiki/raw/chapter-10-informatica/06-programmazione-database-dati/mdn-html.html
programmazione	mdn-javascript-guide	MDN JavaScript guide	https://developer.mozilla.org/en-US/docs/Web/JavaScript/Guide/Introduction	wiki/raw/chapter-10-informatica/06-programmazione-database-dati/mdn-javascript-guide.html
programmazione	python-tutorial	Python official tutorial	https://docs.python.org/3/tutorial/index.html	wiki/raw/chapter-10-informatica/06-programmazione-database-dati/python-tutorial.html
programmazione	w3c-xml	W3C XML 1.0 Recommendation	https://www.w3.org/TR/xml/	wiki/raw/chapter-10-informatica/06-programmazione-database-dati/w3c-xml.html
programmazione	postgresql-tutorial	PostgreSQL official tutorial	https://www.postgresql.org/docs/current/tutorial.html	wiki/raw/chapter-10-informatica/06-programmazione-database-dati/postgresql-tutorial.html
programmazione	oracle-sql-quick-reference	Oracle SQL Language Quick Reference	https://docs.oracle.com/en/database/oracle/oracle-database/23/sqlqr/index.html	wiki/raw/chapter-10-informatica/06-programmazione-database-dati/oracle-sql-quick-reference.html
formati	iana-media-types	IANA Media Types registry	https://www.iana.org/assignments/media-types/media-types.xhtml	wiki/raw/chapter-10-informatica/06-programmazione-database-dati/iana-media-types.html
formati	unicode-latest	Unicode latest standard overview	https://www.unicode.org/versions/latest/	wiki/raw/chapter-10-informatica/06-programmazione-database-dati/unicode-latest.html
privacy	garante-gdpr-guida-2023	Garante guida applicazione GDPR 2023	https://www.garanteprivacy.it/documents/10160/0/Guida%2Ball%2Bapplicazione%2Bdel%2BRegolamento%2BUE%2B2016%2B679.pdf	wiki/raw/chapter-10-informatica/07-privacy-sicurezza/garante-gdpr-guida-2023.pdf
privacy	garante-gdpr-testo	Garante testo GDPR	https://www.garanteprivacy.it/il-testo-del-regolamento	wiki/raw/chapter-10-informatica/07-privacy-sicurezza/garante-gdpr-testo.html
privacy	garante-codice-privacy	Garante codice privacy testo coordinato	https://www.garanteprivacy.it/codice	wiki/raw/chapter-10-informatica/07-privacy-sicurezza/garante-codice-privacy.html
